variant,model,rmse,mape,matches
ANGLE+SIZE,angle_v1 × size_v1,0.42288614765286453,4.418423192232359,3000
ANGLE-ONLY,angle_v1,0.4451748065561672,5.0828596026440875,3000
RAW,,1.1691514106773393,12.417239451590827,3000
SIZE-ONLY,size_v1,1.1602756639331537,12.232913004765695,3000
